Pressure (kPa),Temperature (K), Specific Volume (m^3 / kg), Enthalpy (kJ / kg), Internal Energy (kJ / kg), Entropy (kJ / kg * K) 
100,400,1.1481,402.728,287.917,5.67588
1000,767.485,0.220288,811.18,590.892,5.67588
1000,4185.49,1.20134,5121.18,3919.84,7.75514
100,2540.39,7.29156,2964.25,2235.1,7.75514
100,400,1.1481,402.728,287.917,5.67588
