Pressure (kPa),Temperature (K), Specific Volume (m^3 / kg), Enthalpy (kJ / kg), Internal Energy (kJ / kg), Entropy (kJ / kg * K) 
100,100,0.287025,99.6224,70.9199,4.28156
1000,192.414,0.0552277,190.606,135.378,4.28156
1000,3716.84,1.06683,4500.61,3433.77,7.62073
100,2247.1,6.44976,2587.06,1942.08,7.62073
100,100,0.287025,99.6224,70.9199,4.28156
