Pressure (kPa),Temperature (K), Specific Volume (m^3 / kg), Enthalpy (kJ / kg), Internal Energy (kJ / kg), Entropy (kJ / kg * K) 
100,400,1.1481,402.728,287.917,5.67588
2834.33,1030.67,0.104373,1074.86,779.033,5.67588
15304.2,5565.16,0.104373,6976.37,5379.03,7.80652
729.563,2918.25,1.1481,3454.14,2616.53,7.80652
100,400,1.1481,402.728,287.917,5.67588
