Pressure (kPa),Temperature (K), Specific Volume (m^3 / kg), Enthalpy (kJ / kg), Internal Energy (kJ / kg), Entropy (kJ / kg * K) 
100,300,0.861076,299.014,212.907,6.7075
2539.55,761.866,0.0861076,804.639,585.961,6.99724
17948.5,5384.56,0.0861076,6731.47,5185.96,9.42123
963.932,2942.98,0.861076,3486.33,2641.62,9.44018
100,300,0.861076,299.014,212.907,6.7075
