Pressure (kPa),Temperature (K), Specific Volume (m^3 / kg), Enthalpy (kJ / kg), Internal Energy (kJ / kg), Entropy (kJ / kg * K) 
100,400,1.1481,402.728,287.917,5.67588
1000,3706.71,1.06392,4487.25,3423.32,5.6957
1000,6914.52,1.98464,8797.25,6812.61,6.53086
100,6641.53,19.0629,8433.8,6527.51,6.52659
100,400,1.1481,402.728,287.917,5.67588
