Pressure (kPa),Temperature (K), Specific Volume (m^3 / kg), Enthalpy (kJ / kg), Internal Energy (kJ / kg), Entropy (kJ / kg * K) 
100,400,1.1481,402.728,287.917,5.67588
1000,806.311,0.231432,856.563,625.132,5.6957
1000,4219.62,1.21114,5166.56,3955.42,7.73165
100,2729.87,7.83541,3209.41,2425.88,7.74218
100,400,1.1481,402.728,287.917,5.67588
